/*유저 아이디 10개*/
insert into appuser values('a4a5fb62-4542-4b29-b73b-a0a98a8a0000','그린컴퓨터','풀스택과정','user0@green.com','123456789!H','24/02/14','user0.jpg',null);
insert into APPUSER values('a4a5fb62-4542-4b29-b73b-a0a98a8a0001','네모스폰지밥','뚱이인데요','user1@green.com','123456789!H','24/06/07','user1.png',null);
insert into APPUSER values('a4a5fb62-4542-4b29-b73b-a0a98a8a0002','인사이드아웃','나는슬픔이야','user2@green.com','123456789!H','24/06/07','user2.png',null);
insert into appuser values('a4a5fb62-4542-4b29-b73b-a0a98a8a0003','짱구는 못말려','크레용신짱','user3@green.com','123456789!H','24/01/05','user3.jpg',null);
insert into APPUSER values('a4a5fb62-4542-4b29-b73b-a0a98a8a0004','The Powerpuff Girls','Bubbles','user4@green.com','123456789!H','24/07/01','user4.jpg',null);
insert into APPUSER values('a4a5fb62-4542-4b29-b73b-a0a98a8a0005','토이스토리','포테이토헤드','user5@green.com','123456789!H','24/01/24','user5.jpg',null);
insert into APPUSER values('a4a5fb62-4542-4b29-b73b-a0a98a8a0006','세일러 문','츠키노 우사기','user6@green.com','123456789!H','24/03/07','user6.jpg',null);
insert into appuser values('a4a5fb62-4542-4b29-b73b-a0a98a8a0007','snoopy','찰리브라운','user7@green.com','123456789!H','24/01/05','user7.jpg',null);
insert into appuser values('a4a5fb62-4542-4b29-b73b-a0a98a8a0008','포켓몬스터','이상해 씨','user8@green.com','123456789!H','24/02/23','user8.jpg',null);
insert into APPUSER values('a4a5fb62-4542-4b29-b73b-a0a98a8a0009','인사이드아웃2','나는기쁨이야','user9@green.com','123456789!H','24/02/22','user9.jpg',null);
insert into APPUSER values('a4a5fb62-4542-4b29-b73b-a0a98a8a0010','Minions','King Bob','user10@green.com','123456789!H','24/02/22','user10.jpg',null);


/*친구 관계*/
insert into friend values('a4a5fb62-4542-4b29-b73b-a0a98a8a0000','a4a5fb62-4542-4b29-b73b-a0a98a8a0001');
insert into friend values('a4a5fb62-4542-4b29-b73b-a0a98a8a0000','a4a5fb62-4542-4b29-b73b-a0a98a8a0002');
insert into friend values('a4a5fb62-4542-4b29-b73b-a0a98a8a0000','a4a5fb62-4542-4b29-b73b-a0a98a8a0003');
insert into friend values('a4a5fb62-4542-4b29-b73b-a0a98a8a0000','a4a5fb62-4542-4b29-b73b-a0a98a8a0004');
insert into friend values('a4a5fb62-4542-4b29-b73b-a0a98a8a0000','a4a5fb62-4542-4b29-b73b-a0a98a8a0005');
insert into friend values('a4a5fb62-4542-4b29-b73b-a0a98a8a0000','a4a5fb62-4542-4b29-b73b-a0a98a8a0006');
insert into friend values('a4a5fb62-4542-4b29-b73b-a0a98a8a0000','a4a5fb62-4542-4b29-b73b-a0a98a8a0007');
insert into friend values('a4a5fb62-4542-4b29-b73b-a0a98a8a0000','a4a5fb62-4542-4b29-b73b-a0a98a8a0008');

insert into friend values('a4a5fb62-4542-4b29-b73b-a0a98a8a0001','a4a5fb62-4542-4b29-b73b-a0a98a8a0000');
insert into friend values('a4a5fb62-4542-4b29-b73b-a0a98a8a0002','a4a5fb62-4542-4b29-b73b-a0a98a8a0000');
insert into friend values('a4a5fb62-4542-4b29-b73b-a0a98a8a0003','a4a5fb62-4542-4b29-b73b-a0a98a8a0000');
insert into friend values('a4a5fb62-4542-4b29-b73b-a0a98a8a0004','a4a5fb62-4542-4b29-b73b-a0a98a8a0000');
insert into friend values('a4a5fb62-4542-4b29-b73b-a0a98a8a0005','a4a5fb62-4542-4b29-b73b-a0a98a8a0000');
insert into friend values('a4a5fb62-4542-4b29-b73b-a0a98a8a0006','a4a5fb62-4542-4b29-b73b-a0a98a8a0000');
insert into friend values('a4a5fb62-4542-4b29-b73b-a0a98a8a0007','a4a5fb62-4542-4b29-b73b-a0a98a8a0000');
insert into friend values('a4a5fb62-4542-4b29-b73b-a0a98a8a0008','a4a5fb62-4542-4b29-b73b-a0a98a8a0000');

/*친구 요청*/
insert into friend_request values('a4a5fb62-4542-4b29-b73b-a0a98a8a0009','a4a5fb62-4542-4b29-b73b-a0a98a8a0000');
insert into friend_request values('a4a5fb62-4542-4b29-b73b-a0a98a8a0000','a4a5fb62-4542-4b29-b73b-a0a98a8a0010');



/*그룹챗0*/
insert into group_chat values('173eaf11-0000-40e7-b68b-1bbacd6fae5b','a4a5fb62-4542-4b29-b73b-a0a98a8a0000',null);

insert into group_chat_user values('a4a5fb62-4542-4b29-b73b-a0a98a8a0000','173eaf11-0000-40e7-b68b-1bbacd6fae5b');
insert into group_chat_user values('a4a5fb62-4542-4b29-b73b-a0a98a8a0001','173eaf11-0000-40e7-b68b-1bbacd6fae5b');
insert into group_chat_user values('a4a5fb62-4542-4b29-b73b-a0a98a8a0002','173eaf11-0000-40e7-b68b-1bbacd6fae5b');

/*그룹챗1*/
insert into group_chat values('173eaf11-0001-40e7-b68b-1bbacd6fae5b','a4a5fb62-4542-4b29-b73b-a0a98a8a0000',null);

insert into group_chat_user values('a4a5fb62-4542-4b29-b73b-a0a98a8a0000','173eaf11-0000-40e7-b68b-1bbacd6fae5b');
insert into group_chat_user values('a4a5fb62-4542-4b29-b73b-a0a98a8a0006','173eaf11-0000-40e7-b68b-1bbacd6fae5b');

/*그룹챗2*/
insert into group_chat values('173eaf11-0002-40e7-b68b-1bbacd6fae5b','a4a5fb62-4542-4b29-b73b-a0a98a8a0000',null);

insert into group_chat_user values('a4a5fb62-4542-4b29-b73b-a0a98a8a0000','173eaf11-0002-40e7-b68b-1bbacd6fae5b');
insert into group_chat_user values('a4a5fb62-4542-4b29-b73b-a0a98a8a0001','173eaf11-0002-40e7-b68b-1bbacd6fae5b');
insert into group_chat_user values('a4a5fb62-4542-4b29-b73b-a0a98a8a0004','173eaf11-0002-40e7-b68b-1bbacd6fae5b');
insert into group_chat_user values('a4a5fb62-4542-4b29-b73b-a0a98a8a0007','173eaf11-0002-40e7-b68b-1bbacd6fae5b');


/*그룹챗3*/
insert into group_chat values('173eaf11-0003-40e7-b68b-1bbacd6fae5b','a4a5fb62-4542-4b29-b73b-a0a98a8a0000',null);

insert into group_chat_user values('a4a5fb62-4542-4b29-b73b-a0a98a8a0000','173eaf11-0003-40e7-b68b-1bbacd6fae5b');
insert into group_chat_user values('a4a5fb62-4542-4b29-b73b-a0a98a8a0008','173eaf11-0003-40e7-b68b-1bbacd6fae5b');


/*그룹챗4*/
insert into group_chat values('173eaf11-0004-40e7-b68b-1bbacd6fae5b','a4a5fb62-4542-4b29-b73b-a0a98a8a0000',null);

insert into group_chat_user values('a4a5fb62-4542-4b29-b73b-a0a98a8a0000','173eaf11-0004-40e7-b68b-1bbacd6fae5b');
insert into group_chat_user values('a4a5fb62-4542-4b29-b73b-a0a98a8a0003','173eaf11-0004-40e7-b68b-1bbacd6fae5b');
insert into group_chat_user values('a4a5fb62-4542-4b29-b73b-a0a98a8a0005','173eaf11-0004-40e7-b68b-1bbacd6fae5b');

/*그룹챗5*/
insert into group_chat values('173eaf11-0005-40e7-b68b-1bbacd6fae5b','a4a5fb62-4542-4b29-b73b-a0a98a8a0000',null);

insert into group_chat_user values('a4a5fb62-4542-4b29-b73b-a0a98a8a0000','173eaf11-0005-40e7-b68b-1bbacd6fae5b');
insert into group_chat_user values('a4a5fb62-4542-4b29-b73b-a0a98a8a0002','173eaf11-0005-40e7-b68b-1bbacd6fae5b');
insert into group_chat_user values('a4a5fb62-4542-4b29-b73b-a0a98a8a0003','173eaf11-0005-40e7-b68b-1bbacd6fae5b');
insert into group_chat_user values('a4a5fb62-4542-4b29-b73b-a0a98a8a0004','173eaf11-0005-40e7-b68b-1bbacd6fae5b');
insert into group_chat_user values('a4a5fb62-4542-4b29-b73b-a0a98a8a0006','173eaf11-0005-40e7-b68b-1bbacd6fae5b');


/*그룹챗6*/
insert into group_chat values('173eaf11-0006-40e7-b68b-1bbacd6fae5b','a4a5fb62-4542-4b29-b73b-a0a98a8a0000',null);

insert into group_chat_user values('a4a5fb62-4542-4b29-b73b-a0a98a8a0000','173eaf11-0006-40e7-b68b-1bbacd6fae5b');
insert into group_chat_user values('a4a5fb62-4542-4b29-b73b-a0a98a8a0005','173eaf11-0006-40e7-b68b-1bbacd6fae5b');


/*서버 만들기*/

/*서버 1 스터디 모임*/ 
insert into server values('5e8e166-0001-0000-9cc6-dd739b0d350b','스터디','a4a5fb62-4542-4b29-b73b-a0a98a8a0000','코딩 공부','24/06/01','server1.jpg');
insert into channel values('f48e12c2-0001-0000-870e-8cc0e6b573ed','일반','5e8e166-0001-0000-9cc6-dd739b0d350b','24/06/02');
insert into server_member values('a4a5fb62-4542-4b29-b73b-a0a98a8a0000','5e8e166-0001-0000-9cc6-dd739b0d350b','24/06/12','방장','server1-0.jpg','f48e12c2-0001-0000-870e-8cc0e6b573ed');


/*서버 1 채널 만들기*/
insert into channel values('f48e12c2-0001-0001-870e-8cc0e6b573ed','공지사항','5e8e166-0001-0000-9cc6-dd739b0d350b','24/06/02');
insert into channel values('f48e12c2-0001-0002-870e-8cc0e6b573ed','벌금안내','5e8e166-0001-0000-9cc6-dd739b0d350b','24/06/02');
insert into channel values('f48e12c2-0001-0003-870e-8cc0e6b573ed','자료공유','5e8e166-0001-0000-9cc6-dd739b0d350b','24/06/02');

/*서버 1 멤버 추가*/
insert into server_member values('a4a5fb62-4542-4b29-b73b-a0a98a8a0002','5e8e166-0001-0000-9cc6-dd739b0d350b','24/06/12','갓생러','server1-1.jpg','f48e12c2-0001-0001-870e-8cc0e6b573ed');
insert into server_member values('a4a5fb62-4542-4b29-b73b-a0a98a8a0003','5e8e166-0001-0000-9cc6-dd739b0d350b','24/06/12','열공중','server1-2.jpg','f48e12c2-0001-0001-870e-8cc0e6b573ed');
insert into server_member values('a4a5fb62-4542-4b29-b73b-a0a98a8a0006','5e8e166-0001-0000-9cc6-dd739b0d350b','24/06/12','공부벌레','server1-3.jpg','f48e12c2-0001-0001-870e-8cc0e6b573ed');

/*서버1 공지사항*/
INSERT INTO message
VALUES ('e69574f9-0010-0000-a898-f329622563e0','f48e12c2-0001-0001-870e-8cc0e6b573ed',NULL,'a4a5fb62-4542-4b29-b73b-a0a98a8a0000',TO_TIMESTAMP('24/07/05 12:00:00', 'YY/MM/DD HH24:MI:SS'),'※이번주 스터디 공지 / 날짜 : 2024.07.07 일 / 시간 : 오후 2시 ~ 오후 6시 / 장소 : 강남역 스타벅스',
    0,NULL,0);


INSERT INTO message
VALUES ('e69574f9-0010-0001-a898-f329622563e0','f48e12c2-0001-0001-870e-8cc0e6b573ed',NULL,'a4a5fb62-4542-4b29-b73b-a0a98a8a0002',TO_TIMESTAMP('24/07/05 13:45:00', 'YY/MM/DD HH24:MI:SS'),'넵!!',
    0,NULL,0);

INSERT INTO message
VALUES ('e69574f9-0010-0002-a898-f329622563e0','f48e12c2-0001-0001-870e-8cc0e6b573ed',NULL,'a4a5fb62-4542-4b29-b73b-a0a98a8a0006',TO_TIMESTAMP('24/07/05 14:02:00', 'YY/MM/DD HH24:MI:SS'),'저는 이번주에 일이 있어서 늦을 것 같습니다 3시까지 가겠습니다 ㅠㅠ',
    0,NULL,0);


INSERT INTO message
VALUES ('e69574f9-0010-0003-a898-f329622563e0','f48e12c2-0001-0001-870e-8cc0e6b573ed',NULL,'a4a5fb62-4542-4b29-b73b-a0a98a8a0003',TO_TIMESTAMP('24/07/05 14:10:00', 'YY/MM/DD HH24:MI:SS'),'네 알겠습니다',
    0,NULL,0);
commit;


/*서버1 책 자료 공유*/
INSERT INTO message
VALUES ('e69574f9-0001-0006-a898-f329622563e0','f48e12c2-0001-0003-870e-8cc0e6b573ed',NULL,'a4a5fb62-4542-4b29-b73b-a0a98a8a0002',TO_TIMESTAMP('24/06/05 14:00:00', 'YY/MM/DD HH24:MI:SS'),'이 책 관찮나요?',
    0,NULL,0);
commit;

INSERT INTO message
VALUES ('e69574f9-0001-0007-a898-f329622563e0','f48e12c2-0001-0003-870e-8cc0e6b573ed',NULL,'a4a5fb62-4542-4b29-b73b-a0a98a8a0002',TO_TIMESTAMP('24/06/05 14:01:00', 'YY/MM/DD HH24:MI:SS'),null,
    0,NULL,0);

INSERT INTO message_media
VALUES ('7b6b7f7c-0001-0003-8f87-0373d9ff2b43','e69574f9-0001-0007-a898-f329622563e0','server1-1-0.jpg','image/jpeg',1);
commit;

INSERT INTO message
VALUES ('e69574f9-0001-0008-a898-f329622563e0','f48e12c2-0001-0003-870e-8cc0e6b573ed',NULL,'a4a5fb62-4542-4b29-b73b-a0a98a8a0006',TO_TIMESTAMP('24/06/05 14:10:00', 'YY/MM/DD HH24:MI:SS'),'그 책 개정됐어요',
    0,NULL,0);
commit;


INSERT INTO message
VALUES ('e69574f9-0001-0011-a898-f329622563e0','f48e12c2-0001-0003-870e-8cc0e6b573ed',NULL,'a4a5fb62-4542-4b29-b73b-a0a98a8a0006',TO_TIMESTAMP('24/06/05 14:11:00', 'YY/MM/DD HH24:MI:SS'),'이 책으로 사세요',
    0,NULL,0);
commit;

INSERT INTO message
VALUES ('e69574f9-0001-0012-a898-f329622563e0','f48e12c2-0001-0003-870e-8cc0e6b573ed',NULL,'a4a5fb62-4542-4b29-b73b-a0a98a8a0006',TO_TIMESTAMP('24/06/05 14:11:00', 'YY/MM/DD HH24:MI:SS'),null,
    0,NULL,0);
commit;

INSERT INTO message_media
VALUES ('7b6b7f7c-0001-0012-8f87-0373d9ff2b43','e69574f9-0001-0012-a898-f329622563e0','server1-1-1.jpg','image/jpeg',1);
commit;

INSERT INTO message
VALUES ('e69574f9-0001-0013-a898-f329622563e0','f48e12c2-0001-0003-870e-8cc0e6b573ed',NULL,'a4a5fb62-4542-4b29-b73b-a0a98a8a0002',TO_TIMESTAMP('24/06/05 14:20:00', 'YY/MM/DD HH24:MI:SS'),'감사합니다',
    0,NULL,0);
commit;

/*서버1 벌금 안내*/

INSERT INTO message
VALUES ('e69574f9-0002-0000-a898-f329622563e0','f48e12c2-0001-0002-870e-8cc0e6b573ed',NULL,'a4a5fb62-4542-4b29-b73b-a0a98a8a0000',TO_TIMESTAMP('24/06/14 15:26:00', 'YY/MM/DD HH24:MI:SS'),'열공중님 6월 9일 지각 벌금 5000원입니다',
    0,NULL,0);
commit;

INSERT INTO message
VALUES ('e69574f9-0002-0001-a898-f329622563e0','f48e12c2-0001-0002-870e-8cc0e6b573ed',NULL,'a4a5fb62-4542-4b29-b73b-a0a98a8a0000',TO_TIMESTAMP('24/06/22 17:00:00', 'YY/MM/DD HH24:MI:SS'),'열공중, 공부벌레님 6월 16일 지각비 각각 1000,2000원 입니다',
    0,NULL,0);
commit;

INSERT INTO message
VALUES ('e69574f9-0002-0002-a898-f329622563e0','f48e12c2-0001-0002-870e-8cc0e6b573ed',NULL,'a4a5fb62-4542-4b29-b73b-a0a98a8a0003',TO_TIMESTAMP('24/06/22 17:07:00', 'YY/MM/DD HH24:MI:SS'),'입금했습니다 ㅠㅠ 죄송합니다',
    0,NULL,0);
commit;


/*서버2 맛집 모임*/ 
insert into server values('5e8e166-1000-0000-9cc6-dd739b0d350b','맛집','a4a5fb62-4542-4b29-b73b-a0a98a8a0000','맛집 추천 및 공유','24/05/11','server2.jpg');
insert into channel values('f48e12c2-1000-0000-870e-8cc0e6b573ed','일반','5e8e166-1000-0000-9cc6-dd739b0d350b','24/05/11');
insert into server_member values('a4a5fb62-4542-4b29-b73b-a0a98a8a0000','5e8e166-1000-0000-9cc6-dd739b0d350b','24/05/11','맛집탐방러','server2-0.jpg','f48e12c2-1000-0000-870e-8cc0e6b573ed');


insert into channel values('f48e12c2-1000-0001-870e-8cc0e6b573ed','추천','5e8e166-1000-0000-9cc6-dd739b0d350b','24/06/02');
insert into channel values('f48e12c2-1000-0002-870e-8cc0e6b573ed','후기공유','5e8e166-1000-0000-9cc6-dd739b0d350b','24/06/02');


/*서버2 멤버 추가*/
insert into server_member values('a4a5fb62-4542-4b29-b73b-a0a98a8a0001','5e8e166-1000-0000-9cc6-dd739b0d350b','24/06/12','민트초코만세','server2-1.jpg',null);
insert into server_member values('a4a5fb62-4542-4b29-b73b-a0a98a8a0004','5e8e166-1000-0000-9cc6-dd739b0d350b','24/06/12','치킨','server2-2.jpg',null);
insert into server_member values('a4a5fb62-4542-4b29-b73b-a0a98a8a0005','5e8e166-1000-0000-9cc6-dd739b0d350b','24/06/12','수박','server2-3.jpg',null);
insert into server_member values('a4a5fb62-4542-4b29-b73b-a0a98a8a0006','5e8e166-1000-0000-9cc6-dd739b0d350b','24/06/12','계란후라이','server2-4.jpg',null);
commit;

/*서버2 후기*/
INSERT INTO message
VALUES ('e69574f9-1000-0001-a898-f329622563e0','f48e12c2-1000-0002-870e-8cc0e6b573ed',NULL,'a4a5fb62-4542-4b29-b73b-a0a98a8a0001',TO_TIMESTAMP('24/06/19 11:00:00', 'YY/MM/DD HH24:MI:SS'),'이번주에 용인에 있는 빵집 다녀왔는데 맛있었습니다',
    0,NULL,0);


INSERT INTO message
VALUES ('e69574f9-1000-0003-a898-f329622563e0','f48e12c2-1000-0002-870e-8cc0e6b573ed',NULL,'a4a5fb62-4542-4b29-b73b-a0a98a8a0001',TO_TIMESTAMP('24/06/19 11:00:00', 'YY/MM/DD HH24:MI:SS'),null,
    0,NULL,0);


INSERT INTO message_media
VALUES ('7b6b7f7c-1000-0003-8f87-0373d9ff2b43','e69574f9-1000-0003-a898-f329622563e0','server2-1-1.jpg','image/jpeg',1);


INSERT INTO message
VALUES ('e69574f9-1000-0004-a898-f329622563e0','f48e12c2-1000-0002-870e-8cc0e6b573ed',NULL,'a4a5fb62-4542-4b29-b73b-a0a98a8a0004',TO_TIMESTAMP('24/06/19 11:02:00', 'YY/MM/DD HH24:MI:SS'),'오 여기는 어딘가요?',
    0,NULL,0);


INSERT INTO message
VALUES ('e69574f9-1000-0005-a898-f329622563e0','f48e12c2-1000-0002-870e-8cc0e6b573ed',NULL,'a4a5fb62-4542-4b29-b73b-a0a98a8a0001',TO_TIMESTAMP('24/06/19 11:03:00', 'YY/MM/DD HH24:MI:SS'),'용인에 00입니다 크고 넓더라구요!',
    0,NULL,0);
commit;

/*서버2 추천*/
INSERT INTO message
VALUES ('e69574f9-1001-0001-a898-f329622563e0','f48e12c2-1000-0001-870e-8cc0e6b573ed',NULL,'a4a5fb62-4542-4b29-b73b-a0a98a8a0005',TO_TIMESTAMP('24/06/20 15:00:00', 'YY/MM/DD HH24:MI:SS'),'이번주에 강남가려고 하는데 맛집 좀 알려주세요!',
    0,NULL,0);


INSERT INTO message
VALUES ('e69574f9-1001-0002-a898-f329622563e0','f48e12c2-1000-0001-870e-8cc0e6b573ed',NULL,'a4a5fb62-4542-4b29-b73b-a0a98a8a0000',TO_TIMESTAMP('24/06/20 15:03:00', 'YY/MM/DD HH24:MI:SS'),'강남에 OO쌀국수 집이에요!',
    0,NULL,0);


INSERT INTO message
VALUES ('e69574f9-1001-0003-a898-f329622563e0','f48e12c2-1000-0001-870e-8cc0e6b573ed',NULL,'a4a5fb62-4542-4b29-b73b-a0a98a8a0000',TO_TIMESTAMP('24/06/20 15:03:00', 'YY/MM/DD HH24:MI:SS'),null,
    0,NULL,0);

INSERT INTO message_media
VALUES ('7b6b7f7c-1001-0003-8f87-0373d9ff2b43','e69574f9-1001-0003-a898-f329622563e0','server2-2-0.jpg','image/jpeg',1);


INSERT INTO message
VALUES ('e69574f9-1001-0004-a898-f329622563e0','f48e12c2-1000-0001-870e-8cc0e6b573ed',NULL,'a4a5fb62-4542-4b29-b73b-a0a98a8a0000',TO_TIMESTAMP('24/06/20 15:04:00', 'YY/MM/DD HH24:MI:SS'),'맛있더라구요',
    0,NULL,0);


INSERT INTO message
VALUES ('e69574f9-1001-0005-a898-f329622563e0','f48e12c2-1000-0001-870e-8cc0e6b573ed',NULL,'a4a5fb62-4542-4b29-b73b-a0a98a8a0005',TO_TIMESTAMP('24/06/20 15:05:00', 'YY/MM/DD HH24:MI:SS'),'오 맛있어보이네요! 감사합니다~~',
    0,NULL,0);
commit;


/*서버3 추가*/
insert into server values('5e8e166-0007-0000-9cc6-dd739b0d350b','야구','a4a5fb62-4542-4b29-b73b-a0a98a8a0008','KBO','24/03/24','server3.jpg');
insert into channel values('f48e12c2-0007-0000-870e-8cc0e6b573ed','일반','5e8e166-0007-0000-9cc6-dd739b0d350b','24/03/24');
insert into server_member values('a4a5fb62-4542-4b29-b73b-a0a98a8a0008','5e8e166-0007-0000-9cc6-dd739b0d350b','24/03/24','KBO','server3-0.jpg','f48e12c2-0007-0000-870e-8cc0e6b573ed');
commit;

/*서버 3 채널 만들기*/
insert into channel values('f48e12c2-0007-0001-870e-8cc0e6b573ed','두산','5e8e166-0007-0000-9cc6-dd739b0d350b','24/04/02');
insert into channel values('f48e12c2-0007-0002-870e-8cc0e6b573ed','롯데','5e8e166-0007-0000-9cc6-dd739b0d350b','24/04/02');
insert into channel values('f48e12c2-0007-0003-870e-8cc0e6b573ed','KT','5e8e166-0007-0000-9cc6-dd739b0d350b','24/04/02');

/*서버 3 멤버 추가*/
insert into server_member values('a4a5fb62-4542-4b29-b73b-a0a98a8a0002','5e8e166-0007-0000-9cc6-dd739b0d350b','24/04/02','KT위즈','server3-1.png',null);
insert into server_member values('a4a5fb62-4542-4b29-b73b-a0a98a8a0009','5e8e166-0007-0000-9cc6-dd739b0d350b','24/04/02','롯데자이언츠','server3-2.png',null);
insert into server_member values('a4a5fb62-4542-4b29-b73b-a0a98a8a0004','5e8e166-0007-0000-9cc6-dd739b0d350b','24/04/02','두산베어스','server3-3.png',null);
commit;

